RUBRO,SUBRUBRO,MARCA,Rubro,Subrubro,,Orden,Codigo,Nombre,Precio,Unidad por bulto fact.,Texto,
MATERIALES GRUESOS            ,AVELLANEDA-CEMENTO            ,AVELLANEDA,17,219,17.0219,80,2990,CEMENTO                                           ,55.54,1,UNI,1
MATERIALES GRUESOS            ,AVELLANEDA-CEMENTO FRACCIONADO,AVELLANEDA,17,1427,17.1427,10,7179,CEMENTO X  5 KGS                                  ,7.49,1,UNI,1
MATERIALES GRUESOS            ,AVELLANEDA-CEMENTO FRACCIONADO,AVELLANEDA,17,1427,17.1427,20,7180,CEMENTO X 10 KGS                                  ,14.98,1,UNI,1
MATERIALES GRUESOS            ,AVELLANEDA-RETIRO EN FABRICA  ,AVELLANEDA,17,414,17.0414,1,2506,CEMENTO-EN OLAVARRIA                              ,42.64,1,UNI,1
MATERIALES GRUESOS            ,AVELLANEDA-RETIRO EN FABRICA  ,AVELLANEDA,17,414,17.0414,2,25314,CAL HIDRAT 30 KGS. 'EXTRA' EN OLAVARRIA           ,18.01,1,UNI,1
MATERIALES GRUESOS            ,AVELLANEDA-RETIRO EN FABRICA  ,AVELLANEDA,17,414,17.0414,5,23371,CAL HIDRAT EXTRA X 25 KGS EN OLAVARRIA            ,15.8,1,UNI,1
MATERIALES GRUESOS            ,AVELLANEDA-RETIRO EN FABRICA  ,AVELLANEDA,17,414,17.0414,6,2508,HIDRALIT-EN OLAVARRIA                             ,24.29,1,UNI,1
MATERIALES GRUESOS            ,AVELLANEDA-CAL HIDRAT EXTRA   ,AVELLANEDA,17,1804,17.1804,1,23372,CAL HIDRAT 25 KGS 'EXTRA'                         ,19.63,1,UNI,1
MATERIALES GRUESOS            ,AVELLANEDA-CAL HIDRAT EXTRA   ,AVELLANEDA,17,1804,17.1804,3,25313,CAL HIDRAT 30 KGS. 'EXTRA'                        ,22.38,1,UNI,1
MATERIALES GRUESOS            ,AVELLANEDA-HIDRALIT           ,AVELLANEDA,17,656,17.0656,10,2991,HIDRALIT (40 KGS)                                 ,27.32,1,UNI,1
MATERIALES GRUESOS            ,AVELLANEDA-PEGAMENTO S.CODIMAT,AVELLANEDA,17,905,17.0905,1,21587,PEGAMENTO IMPERMEABLE SHOPPING CODIMAT X  5 KGS   ,11.49,1,UNI,1
MATERIALES GRUESOS            ,AVELLANEDA-PEGAMENTO S.CODIMAT,AVELLANEDA,17,905,17.0905,2,13499,PEGAMENTO IMPERMEABLE SHOPPING CODIMAT X 30 KGS   ,53.77,1,UNI,1
MATERIALES GRUESOS            ,AVELLANEDA-PEGAMENTO PERFECTO ,AVELLANEDA,17,2251,17.2251,1,25777,PEGAMENTO PERFECTO PORCELLANATO X 30 KG           ,125.2,1,UNI,1
MATERIALES GRUESOS            ,AVELLANEDA-PEGAMENTO PERFECTO ,AVELLANEDA,17,387,17.0387,10,847,PERFECTO EXTRA X 30 KGS                           ,67.6,1,UNI,1
MATERIALES GRUESOS            ,AVELLANEDA-TARIMA             ,AVELLANEDA,17,1466,17.1466,10,4805,TARIMA BOLSAS                                     ,135.28,1,UNI,1
MATERIALES GRUESOS            ,SGAMINI-BOLSON ARENA/C.RODA   ,SGAMINI,17,1390,17139,1,25593,BOLSON BINDER                                     ,630.26,1,UNI,1
MATERIALES GRUESOS            ,SGAMINI-BOLSON ARENA/C.RODA   ,SGAMINI,17,1390,17139,2,1269,BOLSON CANTO RODADO                               ,548.87,1,UNI,1
MATERIALES GRUESOS            ,SGAMINI-BOLSON ARENA/C.RODA   ,SGAMINI,17,1390,17139,3,20167,BOLSON CANTO RODADO X 1/2 M3                      ,353.53,1,UNI,1
MATERIALES GRUESOS            ,SGAMINI-BOLSON ARENA/C.RODA   ,SGAMINI,17,1390,17139,4,1301,BOLSON ARENA ESPECIAL                             ,303,1,UNI,1
MATERIALES GRUESOS            ,SGAMINI-ARENA/C.ROD./ESCOMB   ,SGAMINI,17,794,17.0794,15,11110,ARENA GRUESA   (1 M3)                             ,234.3,1,UNI,1
MATERIALES GRUESOS            ,SGAMINI-ARENA/C.ROD./ESCOMB   ,SGAMINI,17,794,17.0794,25,11111,ARENA ESPECIAL (1 Y 2 M3)                         ,171.82,1,UNI,1
MATERIALES GRUESOS            ,SGAMINI-ARENA/C.ROD./ESCOMB   ,SGAMINI,17,794,17.0794,30,2992,ARENA ESPECIAL (MIN 3 M3)                         ,151.51,1,MT3,1
MATERIALES GRUESOS            ,SGAMINI-ARENA/C.ROD./ESCOMB   ,SGAMINI,17,794,17.0794,40,535,BOLSA ARENA X 20 KGS                              ,6.4,1,UNI,1
MATERIALES GRUESOS            ,SGAMINI-ARENA/C.ROD./ESCOMB   ,SGAMINI,17,794,17.0794,45,14301,BOLSON ARENA X 1/2 M3                             ,180.53,1,MT3,1
MATERIALES GRUESOS            ,SGAMINI-ARENA/C.ROD./ESCOMB   ,SGAMINI,17,794,17.0794,70,2989,CANTO RODADO   (MIN 1 M3)                         ,312.4,1,MT3,1
MATERIALES GRUESOS            ,SGAMINI-ARENA/C.ROD./ESCOMB   ,SGAMINI,17,794,17.0794,80,13932,CANTO RODADO   (MIN 3 M3)                         ,312.4,1,MT3,1
MATERIALES GRUESOS            ,SGAMINI-ARENA/C.ROD./ESCOMB   ,SGAMINI,17,794,17.0794,120,536,BOLSA CANTO RODADO X 20 KGS                       ,10.31,1,UNI,1
MATERIALES GRUESOS            ,PIRO Y RUIZ-PIEDRA PARTIDA    ,PIRO Y RUIZ,17,2199,17.2199,1,24989,BOLSON PIEDRA PARTIDA 1/3 P/HORMIGON GRUESO       ,406.49,1,UNI,1
MATERIALES GRUESOS            ,PIRO Y RUIZ-PIEDRA PARTIDA    ,PIRO Y RUIZ,17,2199,17.2199,2,24988,BOLSON PIEDRA PARTIDA 6/20 P/HORMIGON FINO        ,432.87,1,UNI,1
MATERIALES GRUESOS            ,PIRO Y RUIZ-PIEDRA PARTIDA    ,PIRO Y RUIZ,17,2199,17.2199,3,26781,BOLSON PIEDRA PARTIDA 3/9 BINDER FINO             ,466.84,1,UNI,1
MATERIALES GRUESOS            ,PIRO Y RUIZ-PIEDRA PARTIDA    ,PIRO Y RUIZ,17,2199,17.2199,4,26780,BOLSON PIEDRA PARTIDA 6/12 BINDER GRUESO          ,461.18,1,UNI,1
MATERIALES GRUESOS            ,AGROMARC  -BOLSON ARENA       ,AGROMARC,17,1718,17.1718,1,21400,DEVOLUCION BOLSON VACIO DE ARENA/PIEDRA           ,15.23,1,UNI,1
MATERIALES GRUESOS            ,CEFAS     -CAL MILAGRO        ,CEFAS,17,732,17.0732,10,10876,CAL MILAGRO X 25 KGS                              ,49.54,1,UNI,1
MATERIALES GRUESOS            ,CEFAS     -CALHIDRATADA       ,CEFAS,17,1924,17.1924,1,23138,CAL HIDRAULICA FEITIS X 25 KG                     ,18.04,1,UNI,1
MATERIALES GRUESOS            ,MEGAFLEX - PLASTIF. CONCENTRAD,MEGAFLEX,17,1987,17.1987,2,23725,STOPKAL X   1 LT                                  ,556.55,1,UNI,1
MATERIALES GRUESOS            ,FGH       -CAL SUPER          ,FGH,17,526,17.0526,2,23152,CAL VIVA MOLIDA FGH ETIQUETA VERDE X 25 KG        ,55.09,1,UNI,1
MATERIALES GRUESOS            ,FGH       -CAL SUPER          ,FGH,17,526,17.0526,4,23151,CAL VIVA TRITURADA X 25 KG - LA BUENA ESPERANZA   ,46.42,1,UNI,1
MATERIALES GRUESOS            ,CORRAL    -YESO               ,CORRAL,17,362,17.0362,10,2983,YESO CORRAL X 40 KGS                              ,57.49,1,UNI,1
MATERIALES GRUESOS            ,YEMACO    -YESO               ,YEMACO,17,361,17.0361,1,10599,BOLSA YESO X 1 KG                                 ,3.01,1,UNI,1
MATERIALES GRUESOS            ,YEMACO    -YESO               ,YEMACO,17,361,17.0361,2,4363,BOLSA YESO X 5 KGS                                ,13.59,1,UNI,1
MATERIALES GRUESOS            ,YEMACO    -YESO               ,YEMACO,17,361,17.0361,3,2984,YESO YEMACO X 40 KGS                              ,67.02,1,UNI,1
MATERIALES GRUESOS            ,DURLOCK   -YESO               ,DURLOCK,17,1983,17.1983,1,23673,YESO ALPRESS X 35 KG                              ,75.91,1,UNI,1
MATERIALES GRUESOS            ,FINOTEIX  -REVESTIMIENTO      ,FINOTEIX,17,1232,17.1232,1,18567,FINOTEIX X 25 KGS (REV.FINO) INT                  ,29.01,1,UNI,1
MATERIALES GRUESOS            ,FINOTEIX  -REVESTIMIENTO      ,FINOTEIX,17,1232,17.1232,2,24142,FINOTEIX X 25 KGS (REV.FINO) EXT                  ,29.01,1,UNI,1
MATERIALES GRUESOS            ,IGGAM     -CEMENTO BLANCO     ,IGGAM,17,154,17.0154,10,860,CEMENTO BLANCO X  1 KG                            ,7.17,1,UNI,1
MATERIALES GRUESOS            ,IGGAM     -CEMENTO BLANCO     ,IGGAM,17,154,17.0154,20,861,CEMENTO BLANCO X  5 KGS                           ,31.39,1,UNI,1
MATERIALES GRUESOS            ,IGGAM     -CEMENTO BLANCO     ,IGGAM,17,154,17.0154,30,6457,CEMENTO BLANCO X 25 KGS (PINGUINO)                ,124.64,1,UNI,1
MATERIALES GRUESOS            ,IGGAM     -FINO A LA CAL      ,IGGAM,17,1510,17151,2,4,IGGAM FINO HIDRORREPELENTE X 25 KGS EXTERIOR      ,54.35,1,UNI,1
MATERIALES GRUESOS            ,IGGAM     -PLASTIGGAM         ,IGGAM,17,584,17.0584,1,23727,WEBER.REV ANTIQUE X 25 KGS                        ,105.55,1,UNI,1
MATERIALES GRUESOS            ,IGGAM     -S. IGGAM/SALPICRETE,IGGAM,17,150,17015,7,2459,BOLSA SUPER IGGAM  304 X 30 KGS ROMA              ,94.37,1,UNI,1
MATERIALES GRUESOS            ,IGGAM     -S. IGGAM/SALPICRETE,IGGAM,17,150,17015,8,12090,BOLSA SUPER IGGAM  306 X 30 KGS ARENA             ,94.37,1,UNI,1
MATERIALES GRUESOS            ,IGGAM     -S. IGGAM/SALPICRETE,IGGAM,17,150,17015,9,11251,BOLSA SUPER IGGAM  450 X 30 KGS BLANCO            ,94.37,1,UNI,1
MATERIALES GRUESOS            ,IGGAM     -S. IGGAM/SALPICRETE,IGGAM,17,150,17015,10,22659,BOLSA SUPER IGGAM  621 X 30 KGS VISON             ,94.37,1,UNI,1
MATERIALES GRUESOS            ,IGGAM     -S. IGGAM/SALPICRETE,IGGAM,17,150,17015,11,16331,BOLSA SUPER IGGAM 1006 X 30 KGS MARFIL            ,94.37,1,UNI,1
MATERIALES GRUESOS            ,IGGAM     -S. IGGAM/SALPICRETE,IGGAM,17,150,17015,12,4108,BOLSA SUPER IGGAM 1612 X 30 KGS PERLA             ,94.37,1,UNI,1
MATERIALES GRUESOS            ,IGGAM     -S. IGGAM/SALPICRETE,IGGAM,17,150,17015,13,16332,BOLSA SUPER IGGAM 7130 X 30 KGS PIEDRA PARIS      ,94.37,1,UNI,1
MATERIALES GRUESOS            ,IGGAM     -S. IGGAM/SALPICRETE,IGGAM,17,150,17015,14,25164,BOLSA SUPER IGGAM TEXTURABLE X 30 KGS             ,204.59,1,UNI,1
MATERIALES GRUESOS            ,IGGAM     -S. IGGAM/SALPICRETE,IGGAM,17,150,17015,19,12051,BOLSA SALPICRETE  304 X 30 KGS ROMA               ,88.31,1,UNI,1
MATERIALES GRUESOS            ,IGGAM     -S. IGGAM/SALPICRETE,IGGAM,17,150,17015,20,12091,BOLSA SALPICRETE  306 X 30 KGS ARENA              ,88.31,1,UNI,1
MATERIALES GRUESOS            ,IGGAM     -S. IGGAM/SALPICRETE,IGGAM,17,150,17015,21,11310,BOLSA SALPICRETE  450 X 30 KGS BLANCO             ,88.31,1,UNI,1
MATERIALES GRUESOS            ,IGGAM     -S. IGGAM/SALPICRETE,IGGAM,17,150,17015,22,16330,BOLSA SALPICRETE 1006 X 30 KGS MARFIL             ,88.31,1,UNI,1
MATERIALES GRUESOS            ,IGGAM     -S. IGGAM/SALPICRETE,IGGAM,17,150,17015,23,12034,BOLSA SALPICRETE 1612 X 30 KGS GRIS PERLA         ,88.31,1,UNI,1
MATERIALES GRUESOS            ,IGGAM     -S. IGGAM/SALPICRETE,IGGAM,17,150,17015,24,16574,BOLSA SALPICRETE 7130 X 30 KGS PIEDRA PARIS       ,88.31,1,UNI,1
MATERIALES GRUESOS            ,IGGAM     -MORTERO            ,IGGAM,17,1920,17192,2,23541,WEBER.TEC RAPID X 10 KG (MORTERO)                 ,96.97,1,UNI,1
MATERIALES GRUESOS            ,WEBER - MORTERO HIDROFUGADO   ,WEBER,17,2304,17.2304,1,26567,WEBER.TEC CERESITA X 30 KGS. (ROJO)               ,46.94,1,UNI,1
MATERIALES GRUESOS            ,IGGAM     -SUPER IGGAM        ,IGGAM,17,1062,17.1062,10,16575,SUPER IGGAM 'P' X 20 LTS RULATO TRAVERTINO FINO   ,521.88,1,UNI,1
MATERIALES GRUESOS            ,IGGAM     -SUPER IGGAM        ,IGGAM,17,1062,17.1062,20,16576,SUPER IGGAM 'P' X 20 LTS RULATO TRAVERTINO GRUESO ,521.88,1,UNI,1
MATERIALES GRUESOS            ,IGGAM     -SUPER IGGAM        ,IGGAM,17,1062,17.1062,30,16577,SUPER IGGAM 'P' X 20 LTS LLANEADO FINO            ,521.88,1,UNI,1
MATERIALES GRUESOS            ,IGGAM     -SUPER IGGAM        ,IGGAM,17,1062,17.1062,40,16578,SUPER IGGAM 'P' X 20 LTS LLANEADO GRUESO          ,521.88,1,UNI,1
MATERIALES GRUESOS            ,KLAUKOL   -PAREX              ,KLAUKOL,17,1937,17.1937,1,23257,PAREX-FIX X 30 KG                                 ,57.47,1,UNI,1
MATERIALES GRUESOS            ,KLAUKOL   -PAREX              ,KLAUKOL,17,1938,17.1938,1,23258,PAREX-DUO X 30 KG                                 ,65.08,1,UNI,1
MATERIALES GRUESOS            ,KLAUKOL   -PAREX              ,KLAUKOL,17,1938,17.1938,2,23259,PAREX-TRIO X 30 KG                                ,79.78,1,UNI,1
MATERIALES GRUESOS            ,KLAUKOL   -PAREX              ,KLAUKOL,17,1939,17.1939,1,23261,PAREX-ESTILO COLORES NORMALES X 30 KG             ,114.64,1,UNI,1
MATERIALES GRUESOS            ,KLAUKOL   -PAREX              ,KLAUKOL,17,1939,17.1939,2,23260,PAREX-NIVEL ATERMICO X 40 KG AMARILLO             ,155.59,1,UNI,1
MATERIALES GRUESOS            ,KLAUKOL   -PAREX              ,KLAUKOL,17,1940,17194,1,23262,PAREX-MATIZ X 25 KG                               ,104.02,1,UNI,1
MATERIALES GRUESOS            ,KLAUKOL   -PASTINA            ,KLAUKOL,17,163,17.0163,1,2523,PASTINA X 1 KG                                    ,7.53,1,UNI,1
MATERIALES GRUESOS            ,KLAUKOL   -PASTINA            ,KLAUKOL,17,163,17.0163,3,18878,PASTINA X 5 KGS                                   ,33.12,1,UNI,1
MATERIALES GRUESOS            ,KLAUKOL   -PASTINA A. PERFORMA,KLAUKOL,17,2032,17.2032,1,13172,PASTINA PORCELANATO (KLAUKOL) X 1 KG              ,18.02,1,UNI,1
MATERIALES GRUESOS            ,KLAUKOL   -PASTINA JUNTA ANCHA,KLAUKOL,17,1297,17.1297,10,1927,PASTINA JUNTA ANCHA X 10 KGS                      ,68.63,1,UNI,1
MATERIALES GRUESOS            ,KLAUKOL   -STUKO PREMIUM      ,KLAUKOL,17,2031,17.2031,1,14810,STUKO INTERIOR PREMIUM X 25 KGS                   ,67.5,1,UNI,1
MATERIALES GRUESOS            ,KLAUKOL   -MEZTIK             ,KLAUKOL,17,749,17.0749,10,14821,MEZTIK X 10 KGS                                   ,23.71,1,UNI,1
MATERIALES GRUESOS            ,KLAUKOL   -MEZTIK             ,KLAUKOL,17,749,17.0749,20,14822,MEZTIK X 30 KGS                                   ,48.62,1,UNI,1
MATERIALES GRUESOS            ,KLAUKOL   -STUKO PEGAMENTO    ,KLAUKOL,17,162,17.0162,2,19142,STUKO INTERIOR X 10 KGS                           ,26.65,1,UNI,1
MATERIALES GRUESOS            ,KLAUKOL   -STUKO PEGAMENTO    ,KLAUKOL,17,162,17.0162,3,2521,STUKO INTERIOR X 25 KGS                           ,47.33,1,UNI,1
MATERIALES GRUESOS            ,KLAUKOL   -STUKO PEGAMENTO    ,KLAUKOL,17,162,17.0162,4,6424,STUKO EXTERIOR X 25 KGS                           ,54.31,1,UNI,1
MATERIALES GRUESOS            ,WEBER -KONFINO                ,WEBER,17,187,17.0187,2,2650,WEBER.REV.FINO X 25 KGS (KONFINO INTERIOR)        ,45.16,1,UNI,1
MATERIALES GRUESOS            ,WEBER -KONFINO                ,WEBER,17,187,17.0187,3,21403,WEBER.REV.FORTE  X 25 KGS (KONFINO EXTERIOR)      ,52.16,1,UNI,1
MATERIALES GRUESOS            ,WEBER     -MIX                ,WEBER,17,2151,17.2151,1,24007,IGGAM MIX E X 30 KGS (FINO/GRUESO/HIDROFUGO)      ,50.25,1,UNI,1
MATERIALES GRUESOS            ,WEBER     -PROMEX             ,WEBER,17,2035,17.2035,1,24125,WEBER PROMEX EXTERIOR (3 EN 1) X 30 KGS           ,64.47,1,UNI,1
MATERIALES GRUESOS            ,WEBER     -PROMEX             ,WEBER,17,2035,17.2035,2,24124,WEBER PROMEX INTERIOR (2 EN 1) X 30 KGS           ,45.96,1,UNI,1
MATERIALES GRUESOS            ,WEBER     -ANTIHUMEDAD/REPARAD,WEBER,17,522,17.0522,1,4061,WEBER.TEC HYDROMUR X 25 KGS (ANTIHUMEDAD)         ,168.26,1,UNI,1
MATERIALES GRUESOS            ,WEBER     -ANTIHUMEDAD/REPARAD,WEBER,17,522,17.0522,2,4066,WEBER.TEC DUR X 25 KGS (REP. HORMIG)              ,231.83,1,UNI,1
MATERIALES GRUESOS            ,WEBER     -ANTIHUMEDAD/REPARAD,WEBER,17,522,17.0522,3,4068,WEBER.TEC IMPER F CAPA FINA X 25 KGS              ,214.01,1,UNI,1
MATERIALES GRUESOS            ,WEBER     -ANTIHUMEDAD/REPARAD,WEBER,17,522,17.0522,4,4069,WEBER.TEC IMPER G CAPA GRUESA X 25 KGS            ,110.69,1,UNI,1
MATERIALES GRUESOS            ,WEBER - MIXTURE               ,WEBER,17,725,17.0725,1,25488,CAMISETA SELECCION ARGENTINA -PREOLIMPICO 2011-   ,33.13,1,UNI,1
MATERIALES GRUESOS            ,WEBER     -PASTINA            ,WEBER,17,1230,17123,1,4185,WEBER.COL PASTINA EPOXI X 5 KGS                   ,562.09,1,UNI,1
MATERIALES GRUESOS            ,WEBER     -PEGAMENTO          ,WEBER,17,1206,17.1206,1,23536,WEBER.COL VENECIANO X 30 KGS NIEVE                ,221.47,1,UNI,1
MATERIALES GRUESOS            ,WEBER     -PEGAMENTO          ,WEBER,17,1206,17.1206,2,22544,WEBER.REV MULTIUSO X 30 KGS (MORTERO)             ,46.68,1,UNI,1
MATERIALES GRUESOS            ,WEBER     -PEGAMENTO          ,WEBER,17,773,17.0773,2,23454,WEBER.COL IMPERMAX X 20 KGS                       ,88.12,1,UNI,1
MATERIALES GRUESOS            ,WEBER     -PEGAMENTO          ,WEBER,17,773,17.0773,3,18570,WEBER.COL SUPERFLEX X 30 KGS (PEGAMENTO)          ,192.54,1,UNI,1
MATERIALES GRUESOS            ,WEBER     -PEGAMENTO          ,WEBER,17,773,17.0773,4,4445,WEBER.COL RENOVACION X 30 KGS (PEGAMENTO)         ,150.46,1,UNI,1
MATERIALES GRUESOS            ,WEBER     -PEGAMENTO          ,WEBER,17,1985,17.1985,1,18569,WEBER.COL PORCELLANATO X 30 KGS (PEGAMENTO)       ,139.33,1,UNI,1
MATERIALES GRUESOS            ,WEBER     -PEGAMENTO          ,WEBER,17,1953,17.1953,1,23365,WEBER.COL PASTA X  7 KGS                          ,138.75,1,UNI,1
MATERIALES GRUESOS            ,WEBER     -PEGAMENTO          ,WEBER,17,1953,17.1953,2,23366,WEBER.COL PASTA X 35 KGS                          ,628.5,1,UNI,1
MATERIALES GRUESOS            ,WEBER     -PEGAMENTO          ,WEBER,17,1953,17.1953,3,26227,WEBER.REV BLOCK X 30 KGS                          ,52.08,1,UNI,1
MATERIALES GRUESOS            ,WEBER     -FINO AL YESO       ,WEBER,17,1653,17.1653,1,18568,WEBER.REV YESO GF X 25 KGS                        ,65.16,1,UNI,1
MATERIALES GRUESOS            ,WEBER     -PASTINA            ,WEBER,17,1651,17.1651,1,4443,WEBER.COL PASTINA (PORCELLANATO) X 1 KG           ,14.6,1,UNI,1
MATERIALES GRUESOS            ,WEBER     -PASTINA            ,WEBER,17,1651,17.1651,2,15377,WEBER.COL PASTINA X 1 KG                          ,7.67,1,UNI,1
MATERIALES GRUESOS            ,WEBER     -PASTINA            ,WEBER,17,1651,17.1651,3,17553,WEBER.COL PASTINA X 5 KGS  NIEVE                  ,30.64,1,UNI,1
MATERIALES GRUESOS            ,WEBER     -PEGAMENTO          ,WEBER,17,1652,17.1652,1,23209,WEBER.TEC GLASS BCO X 5 KGS (PEG. LAD VIDRIO)     ,31.43,1,UNI,1
MATERIALES GRUESOS            ,WEBER     -PEGAMENTO          ,WEBER,17,1652,17.1652,2,15314,WEBER.TEC REFRACTARIO X  5 KGS (PEGAMENTO)        ,68.55,1,UNI,1
MATERIALES GRUESOS            ,WEBER     -PEGAMENTO          ,WEBER,17,1652,17.1652,3,19938,WEBER.TEC REFRACTARIO X 20 KGS (PEGAMENTO)        ,236.06,1,UNI,1
MATERIALES GRUESOS            ,TANDILIA  -ARCILLA REFRACTARIA,TANDILIA,17,973,17.0973,1,2435,ARCILLA REFRACTARIA X 10 KGS                      ,18.85,1,UNI,1
MATERIALES GRUESOS            ,TANDILIA  -ARCILLA REFRACTARIA,TANDILIA,17,973,17.0973,2,14987,ARCILLA REFRACTARIA X 40 KGS                      ,62.33,1,UNI,1
MATERIALES GRUESOS            ,FARA      -REFRACTARIOS       ,FARA,17,146,17.0146,3,21733,BALDOSA REFRACTARIA 30X30X5                       ,78.83,1,UNI,1
MATERIALES GRUESOS            ,FARA      -REFRACTARIOS       ,FARA,17,146,17.0146,4,2431,CANTO REDONDO PLANO REFRAC N 15 22X11X6           ,26.88,1,UNI,1
MATERIALES GRUESOS            ,FARA      -REFRACTARIOS       ,FARA,17,146,17.0146,6,4700,CEMENTO REFRACTARIO X  5 KGS                      ,39.02,1,UNI,1
MATERIALES GRUESOS            ,FARA      -REFRACTARIOS       ,FARA,17,146,17.0146,7,2436,CEMENTO REFRACTARIO X 10 KGS                      ,69.88,1,UNI,1
MATERIALES GRUESOS            ,FARA      -REFRACTARIOS       ,FARA,17,146,17.0146,8,2429,ESQUINERO CANTO REDONDO REFRAC N 11 22X11X2.5 (16M,9.64,1,UNI,1
MATERIALES GRUESOS            ,FARA      -REFRACTARIOS       ,FARA,17,146,17.0146,9,2424,LADRILLO REFRACTARIO N 1 (40 M2) 22.8X11.4X6.3    ,16.94,1,UNI,1
MATERIALES GRUESOS            ,FARA      -REFRACTARIOS       ,FARA,17,146,17.0146,10,2428,LISTON REFRACTARIO N 9 (75 M2) 22X6X2.2           ,2.88,1,UNI,1
MATERIALES GRUESOS            ,FARA      -REFRACTARIOS       ,FARA,17,146,17.0146,11,2427,MEDIO CANTO REDONDO REFRACTARIO N 8 22X6X6 (75 M2),13.8,1,UNI,1
MATERIALES GRUESOS            ,FARA      -REFRACTARIOS       ,FARA,17,146,17.0146,12,2430,MEDIO ESQUINERO REFRACTARIO N 14 15.0X6X2.5       ,8.66,1,UNI,1
MATERIALES GRUESOS            ,FARA      -REFRACTARIOS       ,FARA,17,146,17.0146,13,2433,PROLONGACION LATERAL REFRAC N 17                  ,15.88,1,UNI,1
MATERIALES GRUESOS            ,FARA      -REFRACTARIOS       ,FARA,17,146,17.0146,14,2432,TEJUELA CANTO REDOND PLANO REF N 16 22X11X3.2     ,16.27,1,UNI,1
MATERIALES GRUESOS            ,FARA      -REFRACTARIOS       ,FARA,17,146,17.0146,15,12620,TEJUELA REFRACTARIA N 4 (40 X M2) 22.8X11.4X3     ,9.46,1,UNI,1
MATERIALES GRUESOS            ,FARA      -REFRACTARIOS       ,FARA,17,146,17.0146,16,2425,TEJUELA REFRACTARIA N 5 (40 X M2) 22.8X11.4X2     ,6.97,1,UNI,1
MATERIALES GRUESOS            ,FARA      -REFRACTARIOS       ,FARA,17,146,17.0146,17,13240,PIZZERA SET PLACA C/PALA DE MADERA                ,171.22,1,UNI,1
MATERIALES GRUESOS            ,FARA - ARCILLA REFRACTARIA    ,FARA,17,2226,17.2226,1,19722,ARCILLA REFRACTARIA FARA X  5 KGS                 ,24.48,1,UNI,1
MATERIALES GRUESOS            ,FARA - ARCILLA REFRACTARIA    ,FARA,17,2226,17.2226,2,22009,ARCILLA REFRACTARIA FARA X 30 KGS                 ,104.19,1,UNI,1
MATERIALES GRUESOS            ,LAS 3 L   -LADRILLOS COMUNES  ,LAS 3 L,17,488,17.0488,10,5470,LADRILLO COMUN                                    ,1.56,1,UNI,1
MATERIALES GRUESOS            ,LAS 3 L   -LADRILLOS COMUNES  ,LAS 3 L,17,488,17.0488,20,5538,LADRILLON                                         ,2.77,1,UNI,1
MATERIALES GRUESOS            ,LAS 3 L   -LADRILLOS VISTA    ,LAS 3 L,17,1661,17.1661,1,20656,LADRILLO VISTA 23.50X11X5                         ,2.6,1,UNI,1
MATERIALES GRUESOS            ,LAS 3 L   -LADRILLOS VISTA    ,LAS 3 L,17,1661,17.1661,2,23075,LADRILLO VISTA DOBLE CARA                         ,1.4,1,UNI,1
MATERIALES GRUESOS            ,LAS 3 L   -LADRILLOS VISTA    ,LAS 3 L,17,1661,17.1661,3,20657,LISTON LISO 22.5X5.5X2 CM (50 U X M2-JUNTA 15 MM) ,2.08,1,UNI,1
MATERIALES GRUESOS            ,LOIMAR    -LADRILLOS HUECOS   ,LOIMAR,17,167,17.0167,2,2568,LADRILLO DE TECHO LOIMAR                          ,12.85,1,UNI,1
MATERIALES GRUESOS            ,LOIMAR    -LADRILLOS HUECOS   ,LOIMAR,17,167,17.0167,3,10733,LADRILLO ENCOCER 'U' LOIMAR                       ,12.97,1,UNI,1
MATERIALES GRUESOS            ,LOIMAR    -LADRILLOS HUECOS   ,LOIMAR,17,1108,17.1108,1,2564,LADRILLO HUECO  8X18X33 LOIMAR (6 AGUJEROS)       ,4.75,1,UNI,1
MATERIALES GRUESOS            ,LOIMAR    -LADRILLOS HUECOS   ,LOIMAR,17,1108,17.1108,2,2565,LADRILLO HUECO 12X18X33 LOIMAR (9 AGUJEROS)       ,6.34,1,UNI,1
MATERIALES GRUESOS            ,LOIMAR    -LADRILLOS HUECOS   ,LOIMAR,17,1108,17.1108,3,2566,LADRILLO HUECO 18X18X33 LOIMAR (12 AGUJEROS)      ,8.85,1,UNI,1
MATERIALES GRUESOS            ,LOIMAR    -LADRILLOS HUECOS   ,LOIMAR,17,1108,17.1108,4,2567,LADRILLO HUECO 18X18X33 DOBLE MURO LOIMAR         ,10.29,1,UNI,1
MATERIALES GRUESOS            ,LOIMAR    -LADRILLOS HUECOS   ,LOIMAR,17,1108,17.1108,5,4449,LADRILLO HUECO AUTOPORTANTE 18X19X33 LOIMAR       ,12.76,1,UNI,1
MATERIALES GRUESOS            ,SHAP - BLOQUES HORMIGON       ,SHAP,17,776,17.0776,1,11610,BLOQUE HORMIGON PLAQUETA P/REV 5X19X39      PL-E20,10.71,1,UNI,1
MATERIALES GRUESOS            ,SHAP - BLOQUES HORMIGON       ,SHAP,17,776,17.0776,3,5811,BLOQUE HORMIGON SPLIT 19X19X39              SB S20,17.42,1,UNI,1
MATERIALES GRUESOS            ,SHAP - BLOQUES HORMIGON       ,SHAP,17,776,17.0776,5,26640,BLOQUE HORMIGON SPLIT ENC 19X19X39         SB SU20,19.52,1,UNI,1
MATERIALES GRUESOS            ,SHAP - BLOQUES HORMIGON       ,SHAP,17,776,17.0776,6,5812,BLOQUE HORMIGON SPLIT ESQUINA 19X19X39     SB SE20,19.52,1,UNI,1
MATERIALES GRUESOS            ,SHAP - BLOQUES HORMIGON       ,SHAP,17,776,17.0776,7,11327,BLOQUE HORMIGON SPLIT MED ESQ 19X19X19    SB SEM20,11.02,1,UNI,1
MATERIALES GRUESOS            ,SHAP - BLOQUES HORMIGON       ,SHAP,17,776,17.0776,8,5943,BLOQUE HORMIGON SPLIT MEDIO 19X19X19       SB SM20,9.92,1,UNI,1
MATERIALES GRUESOS            ,SHAP - BLOQUES HORMIGON       ,SHAP,17,1395,17.1395,1,61,BLOQUE HORMIGON STANDARD 19X19X39            SB 20,12.48,1,UNI,1
MATERIALES GRUESOS            ,SHAP - BLOQUES HORMIGON       ,SHAP,17,1395,17.1395,2,62,BLOQUE HORMIGON STANDARD 1/2 19X19X19       SBM 20,7.93,1,UNI,1
MATERIALES GRUESOS            ,SHAP - BLOQUES HORMIGON       ,SHAP,17,1395,17.1395,3,67,BLOQUE HORMIGON STANDARD ENC 19X19X39       SBU 20,13,1,UNI,1
MATERIALES GRUESOS            ,SHAP - BLOQUES HORMIGON       ,SHAP,17,1395,17.1395,4,5945,BLOQUE HORMIGON STANDARD 10X19X39            SB 10,8.1,1,UNI,1
MATERIALES GRUESOS            ,SHAP - BLOQUES HORMIGON       ,SHAP,17,1395,17.1395,5,5946,BLOQUE HORMIGON STANDARD 14X19X39            SB 15,9.96,1,UNI,1
MATERIALES GRUESOS            ,SHAP - BLOQUES HORMIGON       ,SHAP,17,1395,17.1395,6,11336,BLOQUE HORMIGON STANDARD 1/2 10X19X19       SBM 10,5.67,1,UNI,1
MATERIALES GRUESOS            ,SHAP - BLOQUES HORMIGON       ,SHAP,17,1395,17.1395,7,7856,BLOQUE HORMIGON STANDARD 1/2 14X19X19       SBM 15,6.57,1,UNI,1
MATERIALES GRUESOS            ,PRETAN - BLOQUES HORMIGON     ,PRETAN,17,2306,17.2306,1,8199,BLOQUE HORMIGON STANDARD ENC 14X19X19        PU15M,7.16,1,UNI,1
MATERIALES GRUESOS            ,PRETAN - BLOQUES HORMIGON     ,PRETAN,17,2306,17.2306,2,8275,BLOQUE HORMIGON STANDARD U 19X19X19          PU20M,8.52,1,UNI,1
MATERIALES GRUESOS            ,DI BAIA-LADRILLO DE VIDRIO    ,DI BAIA,17,1679,17.1679,1,11603,LADRILLO VIDRIO COLOR ONDUL SATINADO AZUL 19X19X8 ,73.79,1,UNI,1
MATERIALES GRUESOS            ,DI BAIA-LADRILLO DE VIDRIO    ,DI BAIA,17,1679,17.1679,2,21614,LADRILLO VIDRIO COLOR ONDUL SATINADO NORDICA      ,73.79,1,UNI,1
MATERIALES GRUESOS            ,DI BAIA-LADRILLO DE VIDRIO    ,DI BAIA,17,1679,17.1679,3,21615,LADRILLO VIDRIO COLOR ONDUL SATINADO ROSA 19X19X8 ,73.79,1,UNI,1
MATERIALES GRUESOS            ,DI BAIA-LADRILLO DE VIDRIO    ,DI BAIA,17,1679,17.1679,4,21616,LADRILLO VIDRIO COLOR ONDUL SATINADO SIENA 19X19X8,73.79,1,UNI,1
MATERIALES GRUESOS            ,DI BAIA-LADRILLO DE VIDRIO    ,DI BAIA,17,1679,17.1679,5,21617,LADRILLO VIDRIO COLOR ONDUL SATINADO VERDE 19X19X8,72.41,1,UNI,1
MATERIALES GRUESOS            ,DI BAIA-LADRILLO DE VIDRIO    ,DI BAIA,17,1679,17.1679,6,11601,LADRILLO VIDRIO COLOR ONDUL TRANS AZUL 19X19X8    ,47.59,1,UNI,1
MATERIALES GRUESOS            ,DI BAIA-LADRILLO DE VIDRIO    ,DI BAIA,17,1679,17.1679,7,21610,LADRILLO VIDRIO COLOR ONDUL TRANS NORDICA 19X19X8 ,47.8,1,UNI,1
MATERIALES GRUESOS            ,DI BAIA-LADRILLO DE VIDRIO    ,DI BAIA,17,1679,17.1679,8,21611,LADRILLO VIDRIO COLOR ONDUL TRANS ROSA 19X19X8    ,46.45,1,UNI,1
MATERIALES GRUESOS            ,DI BAIA-LADRILLO DE VIDRIO    ,DI BAIA,17,1679,17.1679,9,21612,LADRILLO VIDRIO COLOR ONDUL TRANS SIENA 19X19X8   ,50.98,1,UNI,1
MATERIALES GRUESOS            ,DI BAIA-LADRILLO DE VIDRIO    ,DI BAIA,17,1679,17.1679,10,21613,LADRILLO VIDRIO COLOR ONDUL TRANS VERDE 19X19X8   ,45.47,1,UNI,1
MATERIALES GRUESOS            ,DI BAIA-LADRILLO DE VIDRIO    ,DI BAIA,17,1679,17.1679,11,9620,LADRILLO VIDRIO INCOLORO BURBUJA 19X19X8          ,32.68,1,UNI,1
MATERIALES GRUESOS            ,DI BAIA-LADRILLO DE VIDRIO    ,DI BAIA,17,1679,17.1679,13,9619,LADRILLO VIDRIO INCOLORO SIMIL SATINADO 19X19X8   ,41.5,1,UNI,1
MATERIALES GRUESOS            ,DI BAIA-LADRILLO DE VIDRIO    ,DI BAIA,17,1679,17.1679,14,21609,LADRILLO VIDRIO SATINADO BASTON CRUZADO 19X19X8   ,47.34,1,UNI,1
MATERIALES GRUESOS            ,DI BAIA-LADRILLO DE VIDRIO    ,DI BAIA,17,1679,17.1679,15,11592,LADRILLO VIDRIO SATINADO LISO 19X19X8             ,59.51,1,UNI,1
MATERIALES GRUESOS            ,DI BAIA-LADRILLO DE VIDRIO    ,DI BAIA,17,1679,17.1679,16,11590,LADRILLO VIDRIO SATINADO ONDULADO 19X19X8         ,61.89,1,UNI,1
MATERIALES GRUESOS            ,VITROBLOCK-LADRILLO DE VIDRIO ,VITROBLOCK,17,2197,17.2197,1,15620,LADRILLO VIDRIO DISTANCIADOR DE                   ,3.84,1,UNI,1
MATERIALES GRUESOS            ,VITROBLOCK-LADRILLO DE VIDRIO ,VITROBLOCK,17,2197,17.2197,2,16334,LADRILLO VIDRIO INCOLORO BASTON CRUZADO 19X19X8   ,29.88,1,UNI,1
MATERIALES GRUESOS            ,VITROBLOCK-LADRILLO DE VIDRIO ,VITROBLOCK,17,2197,17.2197,3,11588,LADRILLO VIDRIO INCOLORO LISO 19X19X8             ,32.89,1,UNI,1
MATERIALES GRUESOS            ,VITROBLOCK-LADRILLO DE VIDRIO ,VITROBLOCK,17,2197,17.2197,4,16333,LADRILLO VIDRIO INCOLORO ONDULADO CLEAR WAVY      ,30.47,1,UNI,1
MATERIALES GRUESOS            ,VELTRI    -METAL DESPLEGADO   ,VELTRI,17,173,17.0173,1,2607,HOJA METAL DESPLEG MEDIAN-HOJA 0.75X2.00          ,15.14,1,UNI,1
MATERIALES GRUESOS            ,VELTRI    -METAL DESPLEGADO   ,VELTRI,17,173,17.0173,2,2608,HOJA METAL DESPLEG REFORZ-HOJA 0.80X2.00          ,21,1,UNI,1
MATERIALES GRUESOS            ,VELTRI    -METAL DESPLEGADO   ,VELTRI,17,173,17.0173,3,8374,GUARDACANTO P/YESO - TIRA 2 MTS                   ,9.28,1,UNI,1
MATERIALES GRUESOS            ,EUROMAGLIA - MALLAS PLASTICAS ,EUROMAGLIA,17,2202,17.2202,1,25019,MALLA PLASTICA ANTIFISURA P/REV FINO (R 1X50 MTS) ,844.44,1,UNI,1
MATERIALES GRUESOS            ,EUROMAGLIA - MALLAS PLASTICAS ,EUROMAGLIA,17,2202,17.2202,2,25021,MALLA PLASTICA ANTIFISURA P/REV GRUESO (R 1X50 MTS,886.72,1,UNI,1
MATERIALES GRUESOS            ,EUROMAGLIA - MALLAS PLASTICAS ,EUROMAGLIA,17,2202,17.2202,3,25022,MALLA PLASTICA P/SOPORTE DE MEMBR 12X12 CM (2X50 M,131.76,1,UNI,1
